instruction,function,freq,group,total,rel_freq
icmp,kernel_2mm,4264472,polybench,61092476,0.06980355486001255
mul,kernel_2mm,12624626,polybench,61092476,0.206647803896506
add,kernel_2mm,16855398,polybench,61092476,0.27589973600022366
store,kernel_2mm,4230475,polybench,61092476,0.06924707062126603
load,kernel_2mm,12608179,polybench,61092476,0.2063785890753552
fmul,kernel_2mm,6312250,polybench,61092476,0.10332287072470266
fadd,kernel_2mm,4197076,polybench,61092476,0.06870037482193388
icmp,kernel_3mm,6390966,polybench,88377643,0.07231428428115015
add,kernel_3mm,25264908,polybench,88377643,0.2858744264089505
mul,kernel_3mm,18923700,polybench,88377643,0.2141231578217129
store,kernel_3mm,6340789,polybench,88377643,0.0717465275691953
load,kernel_3mm,18874368,polybench,88377643,0.2135649623513947
fmul,kernel_3mm,6291456,polybench,88377643,0.07118832078379823
fadd,kernel_3mm,6291456,polybench,88377643,0.07118832078379823
icmp,a_pow_n,136,presyn,404,0.33663366336633666
mul,a_pow_n,134,presyn,404,0.3316831683168317
add,a_pow_n,134,presyn,404,0.3316831683168317
icmp,add,156,presyn,773,0.2018111254851229
load,add,154,presyn,773,0.19922380336351875
add,add,308,presyn,773,0.3984476067270375
store,add,155,presyn,773,0.20051746442432083
icmp,kernel_adi,544,polybench,17282,0.031477838213169775
mul,kernel_adi,3556,polybench,17282,0.205763221849323
add,kernel_adi,4064,polybench,17282,0.23515796782779771
load,kernel_adi,2838,polybench,17282,0.16421710450179378
sub,kernel_adi,3443,polybench,17282,0.19922462677930794
fmul,kernel_adi,701,polybench,17282,0.04056243490336767
fdiv,kernel_adi,717,polybench,17282,0.04148825367434325
fsub,kernel_adi,701,polybench,17282,0.04056243490336767
store,kernel_adi,718,polybench,17282,0.04154611734752922
icmp,aij_ajk_bkl,272680895,tensor,2158183227,0.12634742573689736
mul,aij_ajk_bkl,270564371,tensor,2158183227,0.12536672865171888
add,aij_ajk_bkl,541128883,tensor,2158183227,0.2507335226361668
load,aij_ajk_bkl,536896262,tensor,2158183227,0.2487723263174077
fmul,aij_ajk_bkl,268448131,tensor,2158183227,0.12438616315870385
fadd,aij_ajk_bkl,268448131,tensor,2158183227,0.12438616315870385
store,aij_ajk_bkl,16554,tensor,2158183227,7.67034040154738e-06
icmp,array_inc,148,presyn,1025,0.144390243902439
load,array_inc,438,presyn,1025,0.4273170731707317
add,array_inc,292,presyn,1025,0.2848780487804878
store,array_inc,147,presyn,1025,0.14341463414634145
icmp,array_prod,138,presyn,682,0.20234604105571846
load,array_prod,272,presyn,682,0.39882697947214074
mul,array_prod,136,presyn,682,0.19941348973607037
add,array_prod,136,presyn,682,0.19941348973607037
icmp,array_sum,144,presyn,712,0.20224719101123595
load,array_sum,284,presyn,712,0.398876404494382
add,array_sum,284,presyn,712,0.398876404494382
icmp,kernel_atax,33908,polybench,334181,0.10146597203311977
store,kernel_atax,33601,polybench,334181,0.10054730819525945
add,kernel_atax,66896,polybench,334181,0.20017894494300992
load,kernel_atax,99888,polybench,334181,0.2989038874143054
mul,kernel_atax,33296,polybench,334181,0.09963462913810181
fmul,kernel_atax,33296,polybench,334181,0.09963462913810181
fadd,kernel_atax,33296,polybench,334181,0.09963462913810181
icmp,kernel_bicg,17576,polybench,309050,0.05687105646335545
store,kernel_bicg,34529,polybench,309050,0.11172625788707329
add,kernel_bicg,51637,polybench,309050,0.16708299627891926
load,kernel_bicg,102654,polybench,309050,0.332159844685326
mul,kernel_bicg,34218,polybench,309050,0.110719948228442
fmul,kernel_bicg,34218,polybench,309050,0.110719948228442
fadd,kernel_bicg,34218,polybench,309050,0.110719948228442
icmp,binary_digits,11,presyn,29,0.3793103448275862
add,binary_digits,9,presyn,29,0.3103448275862069
sdiv,binary_digits,9,presyn,29,0.3103448275862069
icmp,binary_mul_sum,130,presyn,1283,0.10132501948558068
load,binary_mul_sum,512,presyn,1283,0.3990646921278254
add,binary_mul_sum,384,presyn,1283,0.2992985190958691
store,binary_mul_sum,129,presyn,1283,0.10054559625876851
mul,binary_mul_sum,128,presyn,1283,0.09976617303195635
icmp,biquad_N_sections,137,dspstone,3108,0.04407979407979408
load,biquad_N_sections,1350,dspstone,3108,0.4343629343629344
fmul,biquad_N_sections,675,dspstone,3108,0.2171814671814672
fsub,biquad_N_sections,270,dspstone,3108,0.08687258687258688
fadd,biquad_N_sections,270,dspstone,3108,0.08687258687258688
store,biquad_N_sections,271,dspstone,3108,0.0871943371943372
add,biquad_N_sections,135,dspstone,3108,0.04343629343629344
fmul,biquad_one_section_main,10,dspstone,18,0.5555555555555556
fsub,biquad_one_section_main,4,dspstone,18,0.2222222222222222
fadd,biquad_one_section_main,4,dspstone,18,0.2222222222222222
icmp,kernel_cholesky,366180,polybench,3943717,0.0928514901043863
mul,kernel_cholesky,715428,polybench,3943717,0.18140956868862548
add,kernel_cholesky,1073340,polybench,3943717,0.27216455947523616
load,kernel_cholesky,715428,polybench,3943717,0.18140956868862548
sub,kernel_cholesky,357780,polybench,3943717,0.09072151982507873
fdiv,kernel_cholesky,132,polybench,3943717,3.347096153197605e-05
store,kernel_cholesky,8267,polybench,3943717,0.002096245749885197
fmul,kernel_cholesky,357648,polybench,3943717,0.09068804886354676
fsub,kernel_cholesky,349514,polybench,3943717,0.08862552764308393
icmp,clamp,278,presyn,723,0.38450899031811897
load,clamp,296,presyn,723,0.4094052558782849
add,clamp,138,presyn,723,0.1908713692946058
store,clamp,11,presyn,723,0.015214384508990318
icmp,collatz,238,presyn,633,0.37598736176935227
add,collatz,159,presyn,633,0.25118483412322273
srem,collatz,118,presyn,633,0.18641390205371247
mul,collatz,41,presyn,633,0.06477093206951026
sdiv,collatz,77,presyn,633,0.12164296998420221
fmul,complex_multiply,8,dspstone,17,0.47058823529411764
fsub,complex_multiply,2,dspstone,17,0.11764705882352941
store,complex_multiply,5,dspstone,17,0.29411764705882354
fadd,complex_multiply,2,dspstone,17,0.11764705882352941
load,complex_update,24,dspstone,49,0.4897959183673469
fmul,complex_update,8,dspstone,49,0.16326530612244897
fadd,complex_update,6,dspstone,49,0.12244897959183673
store,complex_update,9,dspstone,49,0.1836734693877551
fsub,complex_update,2,dspstone,49,0.04081632653061224
icmp,dct,4260356,utdsp,42140421,0.10109903743011965
mul,dct,12615680,utdsp,42140421,0.2993724243998417
add,dct,12648704,utdsp,42140421,0.3001560900400117
load,dct,8388608,utdsp,42140421,0.19906322245807653
fadd,dct,4194304,utdsp,42140421,0.09953161122903827
store,dct,32769,utdsp,42140421,0.0007776144429121864
icmp,convol,34130,presyn,170229,0.2004946278248712
sub,convol,33824,presyn,170229,0.19869704926892598
load,convol,51234,presyn,170229,0.30097104488659393
fmul,convol,16912,presyn,170229,0.09934852463446299
fadd,convol,16912,presyn,170229,0.09934852463446299
add,convol,17064,presyn,170229,0.10024143947271029
store,convol,153,presyn,170229,0.0008987892779726133
sub,convolution,2,dspstone,784,0.002551020408163265
icmp,convolution,132,dspstone,784,0.1683673469387755
load,convolution,260,dspstone,784,0.33163265306122447
fmul,convolution,130,dspstone,784,0.16581632653061223
fadd,convolution,130,dspstone,784,0.16581632653061223
add,convolution,130,dspstone,784,0.16581632653061223
icmp,kernel_correlation,1112261,polybench,15372907,0.07235202814926285
store,kernel_correlation,1128786,polybench,15372907,0.07342697122931922
mul,kernel_correlation,3241098,polybench,15372907,0.21083182250435784
add,kernel_correlation,4344366,polybench,15372907,0.28259886044975097
load,kernel_correlation,3324528,polybench,15372907,0.21625890275664844
fadd,kernel_correlation,1077328,polybench,15372907,0.07007965377010347
fdiv,kernel_correlation,16959,polybench,15372907,0.001103174565487191
fsub,kernel_correlation,49935,polybench,15372907,0.003248247062185441
fmul,kernel_correlation,1077328,polybench,15372907,0.07007965377010347
fcmp,kernel_correlation,157,polybench,15372907,1.0212772379355447e-05
sub,kernel_correlation,161,polybench,15372907,1.0472970401759407e-05
icmp,count_each,6,presyn,35,0.17142857142857143
srem,count_each,4,presyn,35,0.11428571428571428
load,count_each,12,presyn,35,0.34285714285714286
add,count_each,4,presyn,35,0.11428571428571428
store,count_each,5,presyn,35,0.14285714285714285
sdiv,count_each,4,presyn,35,0.11428571428571428
icmp,count_odds,298,presyn,927,0.3214670981661273
load,count_odds,296,presyn,927,0.3193096008629989
srem,count_odds,148,presyn,927,0.15965480043149946
add,count_odds,185,presyn,927,0.19956850053937433
icmp,kernel_covariance,1107412,polybench,15163729,0.07303032123562746
store,kernel_covariance,1106845,polybench,15163729,0.0729929293777276
mul,kernel_covariance,3228985,polybench,15163729,0.21294135499256153
add,kernel_covariance,4327706,polybench,15163729,0.2853985322475758
load,kernel_covariance,3245544,polybench,15163729,0.2140333687050197
fadd,kernel_covariance,1073552,polybench,15163729,0.07079736125592855
fdiv,kernel_covariance,133,polybench,15163729,8.770929630831572e-06
fsub,kernel_covariance,16484,polybench,15163729,0.0010870676995084784
fmul,kernel_covariance,1057068,polybench,15163729,0.06971029355642006
icmp,cube_in_place,154,presyn,1523,0.10111621799080761
load,cube_in_place,760,presyn,1523,0.4990151017728168
mul,cube_in_place,304,presyn,1523,0.19960604070912671
store,cube_in_place,153,presyn,1523,0.10045961917268549
add,cube_in_place,152,presyn,1523,0.09980302035456336
icmp,dag_src,34538,presyn,120724,0.28609058679301547
mul,dag_src,17113,presyn,120724,0.14175308969219044
add,dag_src,34381,presyn,120724,0.28479009973161923
load,dag_src,34536,presyn,120724,0.28607402007885757
store,dag_src,156,presyn,120724,0.0012922037043172857
mul,darken,16641,image,99839,0.1666783521469566
icmp,darken,16641,image,99839,0.1666783521469566
load,darken,16639,image,99839,0.166658319895031
sdiv,darken,16639,image,99839,0.166658319895031
store,darken,16640,image,99839,0.1666683360209938
add,darken,16639,image,99839,0.166658319895031
icmp,digit_prod,4,presyn,10,0.4
srem,digit_prod,2,presyn,10,0.2
mul,digit_prod,2,presyn,10,0.2
sdiv,digit_prod,2,presyn,10,0.2
icmp,digits,5,presyn,11,0.45454545454545453
add,digits,3,presyn,11,0.2727272727272727
sdiv,digits,3,presyn,11,0.2727272727272727
icmp,diveq_sca,135,presyn,668,0.20209580838323354
load,diveq_sca,133,presyn,668,0.19910179640718562
sdiv,diveq_sca,133,presyn,668,0.19910179640718562
store,diveq_sca,134,presyn,668,0.20059880239520958
add,diveq_sca,133,presyn,668,0.19910179640718562
icmp,kernel_doitgen,21099736,polybench,518512565,0.04069281522618454
mul,kernel_doitgen,207368941,polybench,518512565,0.39993040670094465
add,kernel_doitgen,166033222,polybench,518512565,0.32021060473240415
store,kernel_doitgen,20924594,polybench,518512565,0.040355037490750104
load,kernel_doitgen,61920308,polybench,518512565,0.11941910800175112
fmul,kernel_doitgen,20582882,polybench,518512565,0.039696013923982726
fadd,kernel_doitgen,20582882,polybench,518512565,0.039696013923982726
icmp,dot,153,presyn,908,0.1685022026431718
load,dot,302,presyn,908,0.33259911894273125
mul,dot,151,presyn,908,0.16629955947136563
add,dot,302,presyn,908,0.33259911894273125
icmp,dsp_dot_product,6,dspstone,35,0.17142857142857143
load,dsp_dot_product,12,dspstone,35,0.34285714285714286
fmul,dsp_dot_product,4,dspstone,35,0.11428571428571428
fadd,dsp_dot_product,4,dspstone,35,0.11428571428571428
store,dsp_dot_product,5,dspstone,35,0.14285714285714285
add,dsp_dot_product,4,dspstone,35,0.11428571428571428
load,kernel_durbin,51492,polybench,323595,0.15912483196588328
mul,kernel_durbin,50750,polybench,323595,0.15683184227197577
add,kernel_durbin,76125,polybench,323595,0.23524776340796366
store,kernel_durbin,17467,polybench,323595,0.05397796628501676
icmp,kernel_durbin,17316,polybench,323595,0.05351133361145877
sub,kernel_durbin,76269,polybench,323595,0.23569276410327725
fmul,kernel_durbin,17162,polybench,323595,0.053035430090081735
fsub,kernel_durbin,296,polybench,323595,0.0009147236514779277
fadd,kernel_durbin,16718,polybench,323595,0.05166334461286485
icmp,kernel_dynprog,140585,polybench,3027789,0.04643157102426886
store,kernel_dynprog,140292,polybench,3027789,0.04633480074073854
sub,kernel_dynprog,262443,polybench,3027789,0.08667810075272749
mul,kernel_dynprog,991264,polybench,3027789,0.3273887315133254
add,kernel_dynprog,887997,polybench,3027789,0.2932823258159667
load,kernel_dynprog,363534,polybench,3027789,0.12006583021472104
fadd,kernel_dynprog,241674,polybench,3027789,0.07981863993825197
sdiv,convolve2d,1079,utdsp,12083,0.08929901514524538
icmp,convolve2d,2223,utdsp,12083,0.18397748903418026
sub,convolve2d,1143,utdsp,12083,0.09459571298518579
add,convolve2d,5483,utdsp,12083,0.453778035256145
mul,convolve2d,1077,utdsp,12083,0.08913349333774725
store,convolve2d,1078,utdsp,12083,0.08921625424149632
sub,v_edge,16637,image,215009,0.0773781562632262
icmp,v_edge,16776,image,215009,0.07802464082898855
add,v_edge,82619,image,215009,0.3842583333720914
mul,v_edge,49488,image,215009,0.2301671092837974
load,v_edge,32992,image,215009,0.15344473952253163
store,v_edge,16497,image,215009,0.07672702072936481
icmp,elementwise_sum_of_negated_sum_and_max,460,presyn,1981,0.23220595658758203
load,elementwise_sum_of_negated_sum_and_max,608,presyn,1981,0.3069156991418476
sub,elementwise_sum_of_negated_sum_and_max,152,presyn,1981,0.0767289247854619
store,elementwise_sum_of_negated_sum_and_max,305,presyn,1981,0.15396264512872287
add,elementwise_sum_of_negated_sum_and_max,456,presyn,1981,0.23018677435638565
icmp,eq,258,presyn,642,0.40186915887850466
load,eq,256,presyn,642,0.3987538940809969
add,eq,128,presyn,642,0.19937694704049844
icmp,even_after_div_three,8,presyn,24,0.3333333333333333
load,even_after_div_three,6,presyn,24,0.25
sdiv,even_after_div_three,3,presyn,24,0.125
srem,even_after_div_three,3,presyn,24,0.125
add,even_after_div_three,4,presyn,24,0.16666666666666666
icmp,evens,266,presyn,1353,0.19660014781966
load,evens,636,presyn,1353,0.4700665188470067
srem,evens,132,presyn,1353,0.0975609756097561
add,evens,225,presyn,1353,0.1662971175166297
store,evens,94,presyn,1353,0.06947524020694752
icmp,fact,145,presyn,431,0.33642691415313225
mul,fact,143,presyn,431,0.33178654292343385
sub,fact,143,presyn,431,0.33178654292343385
icmp,fact_fact,75,presyn,221,0.3393665158371041
mul,fact_fact,73,presyn,221,0.33031674208144796
sub,fact_fact,73,presyn,221,0.33031674208144796
icmp,kernel_fdtd_2d,6340866,polybench,132959619,0.047690163733095536
load,kernel_fdtd_2d,22823552,polybench,132959619,0.17165777227445275
store,kernel_fdtd_2d,6242433,polybench,132959619,0.046949841214572074
add,kernel_fdtd_2d,39453696,polybench,132959619,0.2967344243066761
mul,kernel_fdtd_2d,29033216,polybench,132959619,0.21836115520156538
sub,kernel_fdtd_2d,6258688,polybench,132959619,0.04707209637837485
fsub,kernel_fdtd_2d,14516608,polybench,132959619,0.10918057760078269
fmul,kernel_fdtd_2d,6226048,polybench,132959619,0.046826608310302095
fadd,kernel_fdtd_2d,2064512,polybench,132959619,0.015527360980178501
icmp,kernel_fdtd_apml,1791593,polybench,230115199,0.0077856352287273296
add,kernel_fdtd_apml,99868666,polybench,230115199,0.43399421869565424
mul,kernel_fdtd_apml,55291217,polybench,230115199,0.24027624963616592
load,kernel_fdtd_apml,33905140,polybench,230115199,0.1473398547655255
fsub,kernel_fdtd_apml,7137924,polybench,230115199,0.031018915877868633
fadd,kernel_fdtd_apml,3568962,polybench,230115199,0.015509457938934317
store,kernel_fdtd_apml,7137925,polybench,230115199,0.031018920223518133
fdiv,kernel_fdtd_apml,8922405,polybench,230115199,0.03877364484733579
fmul,kernel_fdtd_apml,12491367,polybench,230115199,0.054283102786270104
sdiv,fft_big,2,utdsp,2102553,9.512245351246794e-07
icmp,fft_big,317875,utdsp,2102553,0.15118524955137874
shl,fft_big,317408,utdsp,2102553,0.1509631386224271
sub,fft_big,317391,utdsp,2102553,0.15095505321387856
add,fft_big,486406,utdsp,2102553,0.2313406606159274
load,fft_big,644637,utdsp,2102553,0.306597265324584
mul,fft_big,12544,utdsp,2102553,0.005966080284301989
fmul,fft_big,1792,utdsp,2102553,0.0008522971834717128
fsub,fft_big,1344,utdsp,2102553,0.0006392228876037846
fadd,fft_big,1344,utdsp,2102553,0.0006392228876037846
store,fft_big,1793,utdsp,2102553,0.000852772795739275
ashr,fft_big,17,utdsp,2102553,8.085408548559774e-06
sdiv,fft_small,1,utdsp,3546309,2.8198332407018115e-07
icmp,fft_small,644357,utdsp,3546309,0.1816979287478897
shl,fft_small,644294,utdsp,3546309,0.1816801637984733
sub,fft_small,644276,utdsp,3546309,0.18167508809864003
add,fft_small,967196,utdsp,3546309,0.2727331431073829
load,fft_small,644636,utdsp,3546309,0.1817766020953053
mul,fft_small,900,utdsp,3546309,0.000253784991663163
fmul,fft_small,180,utdsp,3546309,5.0756998332632606e-05
fsub,fft_small,135,utdsp,3546309,3.8067748749474457e-05
fadd,fft_small,135,utdsp,3546309,3.8067748749474457e-05
store,fft_small,181,utdsp,3546309,5.1038981656702786e-05
ashr,fft_small,18,utdsp,3546309,5.0756998332632605e-06
icmp,fib_n,134,presyn,530,0.2528301886792453
sub,fib_n,264,presyn,530,0.4981132075471698
add,fib_n,132,presyn,530,0.2490566037735849
icmp,fir_big,135,utdsp,1176,0.11479591836734694
sub,fir_big,129,utdsp,1176,0.1096938775510204
load,fir_big,520,utdsp,1176,0.4421768707482993
fmul,fir_big,129,utdsp,1176,0.1096938775510204
fadd,fir_big,129,utdsp,1176,0.1096938775510204
add,fir_big,131,utdsp,1176,0.11139455782312925
store,fir_big,3,utdsp,1176,0.002551020408163265
icmp,fir_small,154,utdsp,917,0.16793893129770993
load,fir_small,304,utdsp,917,0.33151581243184297
fmul,fir_small,152,utdsp,917,0.16575790621592149
fadd,fir_small,152,utdsp,917,0.16575790621592149
add,fir_small,152,utdsp,917,0.16575790621592149
store,fir_small,3,utdsp,917,0.003271537622682661
icmp,fir,16824,presyn,232563,0.07234168805871957
load,fir,132700,presyn,232563,0.5705980745002429
store,fir,16689,presyn,232563,0.07176120019091602
sub,fir,16554,presyn,232563,0.07118071232311245
mul,fir,16554,presyn,232563,0.07118071232311245
add,fir,33242,presyn,232563,0.1429376126038966
icmp,fir2dim,225010,dspstone,1383197,0.16267386352052526
mul,fir2dim,17284,dspstone,1383197,0.012495689334201853
add,fir2dim,190282,dspstone,1383197,0.1375668108013537
store,fir2dim,172841,dspstone,1383197,0.12495761630483583
load,fir2dim,466668,dspstone,1383197,0.33738361202345
fmul,fir2dim,155556,dspstone,1383197,0.11246120400781667
fadd,fir2dim,155556,dspstone,1383197,0.11246120400781667
icmp,kernel_floyd_warshall,2130178,polybench,48223203,0.04417329972876335
mul,kernel_floyd_warshall,12567704,polybench,48223203,0.26061528928304495
add,kernel_floyd_warshall,14681368,polybench,48223203,0.3044461397555861
load,kernel_floyd_warshall,10470552,polybench,48223203,0.21712684659291503
fadd,kernel_floyd_warshall,4179096,polybench,48223203,0.08666151852252535
fcmp,kernel_floyd_warshall,2097152,polybench,48223203,0.04348844269012989
store,kernel_floyd_warshall,2097153,polybench,48223203,0.04348846342703532
icmp,fourth_in_place,144,presyn,1991,0.07232546459065796
load,fourth_in_place,1136,presyn,1991,0.5705675539929683
mul,fourth_in_place,284,presyn,1991,0.14264188849824208
store,fourth_in_place,285,presyn,1991,0.14314414866901054
add,fourth_in_place,142,presyn,1991,0.07132094424912104
icmp,gaussian_blur,1501238,image,7694863,0.1950961310162377
mul,gaussian_blur,879852,image,7694863,0.11434277647308341
add,gaussian_blur,3124270,image,7694863,0.4060202241417424
load,gaussian_blur,862600,image,7694863,0.11210076124812099
fmul,gaussian_blur,431300,image,7694863,0.056050380624060495
fdiv,gaussian_blur,431300,image,7694863,0.056050380624060495
fadd,gaussian_blur,431300,image,7694863,0.056050380624060495
store,gaussian_blur,17253,image,7694863,0.0022421451817920606
sub,gaussian_blur,15750,image,7694863,0.002046820066841996
icmp,kernel_gemm,2132662,polybench,31614578,0.06745818337350573
mul,kernel_gemm,4214090,polybench,31614578,0.13329578525451138
add,kernel_gemm,10526945,polybench,31614578,0.33297755864399015
load,kernel_gemm,6312700,polybench,31614578,0.19967687058799266
fmul,kernel_gemm,4214090,polybench,31614578,0.13329578525451138
store,kernel_gemm,2115481,polybench,31614578,0.06691473155200743
fadd,kernel_gemm,2098610,polybench,31614578,0.06638108533348128
icmp,gemv,17272,presyn,170491,0.10130740039063646
mul,gemv,16954,presyn,170491,0.09944219929497745
add,gemv,34066,presyn,170491,0.1998111337255339
load,gemv,68132,presyn,170491,0.3996222674510678
fmul,gemv,16954,presyn,170491,0.09944219929497745
fadd,gemv,16954,presyn,170491,0.09944219929497745
store,gemv,159,presyn,170491,0.0009326005478295042
icmp,kernel_gemver,50572,polybench,630173,0.08025097869949997
mul,kernel_gemver,66112,polybench,630173,0.10491087368071943
add,kernel_gemver,116256,polybench,630173,0.18448267380544708
load,kernel_gemver,182088,polybench,630173,0.28894922505407244
fmul,kernel_gemver,99168,polybench,630173,0.15736631052107913
fadd,kernel_gemver,66252,polybench,630173,0.10513303489676644
store,kernel_gemver,49725,polybench,630173,0.0789069033424155
icmp,ger,16824,presyn,264689,0.06356138713735743
mul,ger,33028,presyn,264689,0.1247804026612364
add,ger,49696,presyn,264689,0.1877524188764928
load,ger,115598,presyn,264689,0.43673140931432736
fmul,ger,16514,presyn,264689,0.0623902013306182
fadd,ger,16514,presyn,264689,0.0623902013306182
store,ger,16515,presyn,264689,0.062393979349349614
icmp,kernel_gesummv,16666,polybench,296655,0.056179737405403586
store,kernel_gesummv,33197,polybench,296655,0.11190440073486035
mul,kernel_gesummv,32800,polybench,296655,0.11056614585966863
add,kernel_gesummv,49332,polybench,296655,0.1662941801082065
load,kernel_gesummv,98664,polybench,296655,0.332588360216413
fmul,kernel_gesummv,33064,polybench,296655,0.11145606849707573
fadd,kernel_gesummv,32932,polybench,296655,0.11101110717837219
icmp,kernel_gramschmidt,2138438,polybench,31630028,0.0676078440398472
mul,kernel_gramschmidt,7372865,polybench,31630028,0.23309701148541506
add,kernel_gramschmidt,9494787,polybench,31630028,0.3001826934835467
store,kernel_gramschmidt,2105410,polybench,31630028,0.06656364641852357
load,kernel_gramschmidt,6307840,polybench,31630028,0.19942568498516663
fmul,kernel_gramschmidt,2097152,polybench,31630028,0.06630256539766578
fadd,kernel_gramschmidt,1056768,polybench,31630028,0.03341027709491753
fdiv,kernel_gramschmidt,16384,polybench,31630028,0.0005179887921692639
fsub,kernel_gramschmidt,1040384,polybench,31630028,0.03289228830274826
icmp,h_edge,17134,image,236035,0.07259092931133095
sub,h_edge,33787,image,236035,0.14314402525049252
mul,h_edge,50442,image,236035,0.2137055945092889
add,h_edge,84229,image,236035,0.3568496197597814
load,h_edge,33628,image,236035,0.1424703963395259
store,h_edge,16815,image,236035,0.07123943482958035
mul,histo,32820,image,262555,0.12500238045361925
icmp,histo,65636,image,262555,0.24998952600407534
load,histo,49242,image,262555,0.1875492753899183
add,histo,32816,image,262555,0.12498714555045609
sub,histo,32816,image,262555,0.12498714555045609
fdiv,histo,16408,image,262555,0.062493572775228046
fmul,histo,16408,image,262555,0.062493572775228046
store,histo,16409,image,262555,0.062497381501018835
icmp,ut_histo,1240,utdsp,9846,0.12593946780418444
mul,ut_histo,1709,utdsp,9846,0.17357302457850904
add,ut_histo,3471,utdsp,9846,0.35252894576477756
load,ut_histo,2284,utdsp,9846,0.23197237456835262
store,ut_histo,1142,utdsp,9846,0.11598618728417631
icmp,iir_big,2680,utdsp,256669,0.010441463519162813
load,iir_big,57136,utdsp,256669,0.2226057685189875
mul,iir_big,100971,utdsp,256669,0.39338993022141355
add,iir_big,69947,utdsp,256669,0.27251830178167213
fmul,iir_big,10356,utdsp,256669,0.04034768515091421
fadd,iir_big,7767,utdsp,256669,0.030260763863185658
fsub,iir_big,2589,utdsp,256669,0.010086921287728553
store,iir_big,5223,utdsp,256669,0.020349165656935585
load,iir,14,utdsp,37,0.3783783783783784
fmul,iir,8,utdsp,37,0.21621621621621623
fadd,iir,6,utdsp,37,0.16216216216216217
fsub,iir,2,utdsp,37,0.05405405405405406
store,iir,7,utdsp,37,0.1891891891891892
icmp,int_sqrt,19,presyn,72,0.2638888888888889
sub,int_sqrt,36,presyn,72,0.5
add,int_sqrt,17,presyn,72,0.2361111111111111
icmp,kernel_jacobi_1d_imper,33067,polybench,278072,0.1189152449725251
sub,kernel_jacobi_1d_imper,49215,polybench,278072,0.1769865358612158
load,kernel_jacobi_1d_imper,65212,polybench,278072,0.23451480192180443
fadd,kernel_jacobi_1d_imper,32606,polybench,278072,0.11725740096090222
add,kernel_jacobi_1d_imper,49062,polybench,278072,0.17643631865128456
fmul,kernel_jacobi_1d_imper,16303,polybench,278072,0.05862870048045111
store,kernel_jacobi_1d_imper,32607,polybench,278072,0.1172609971518168
icmp,kernel_jacobi_2d_imper,4129154,polybench,79415043,0.051994607621127904
sub,kernel_jacobi_2d_imper,8193280,polybench,79415043,0.10317037793456839
mul,kernel_jacobi_2d_imper,16257024,polybench,79415043,0.20470962913159915
add,kernel_jacobi_2d_imper,24417920,polybench,79415043,0.30747222538178315
load,kernel_jacobi_2d_imper,12192768,polybench,79415043,0.15353222184869936
fadd,kernel_jacobi_2d_imper,8128512,polybench,79415043,0.10235481456579958
fmul,kernel_jacobi_2d_imper,2032128,polybench,79415043,0.025588703641449894
store,kernel_jacobi_2d_imper,4064257,polybench,79415043,0.051177419874972555
icmp,last_elem,155,presyn,461,0.3362255965292842
load,last_elem,153,presyn,461,0.3318872017353579
add,last_elem,153,presyn,461,0.3318872017353579
icmp,last_zero_idx,258,presyn,642,0.40186915887850466
load,last_zero_idx,256,presyn,642,0.3987538940809969
add,last_zero_idx,128,presyn,642,0.19937694704049844
icmp,latnrm_big,34576,utdsp,392834,0.08801682135456707
load,latnrm_big,119260,utdsp,392834,0.3035887932307285
store,latnrm_big,17447,utdsp,392834,0.04441316179353111
sub,latnrm_big,33938,utdsp,392834,0.08639272568056737
fmul,latnrm_big,85004,utdsp,392834,0.21638656531766598
fsub,latnrm_big,16969,utdsp,392834,0.043196362840283685
fadd,latnrm_big,34097,utdsp,392834,0.08679747679681495
add,latnrm_big,51543,utdsp,392834,0.13120809298584135
load,latnrm,725,utdsp,3340,0.21706586826347304
icmp,latnrm,292,utdsp,3340,0.08742514970059881
mul,latnrm,290,utdsp,3340,0.08682634730538923
store,latnrm,152,utdsp,3340,0.045508982035928146
fmul,latnrm,725,utdsp,3340,0.21706586826347304
fsub,latnrm,145,utdsp,3340,0.04341317365269461
fadd,latnrm,288,utdsp,3340,0.08622754491017964
add,latnrm,580,utdsp,3340,0.17365269461077845
sub,latnrm,143,utdsp,3340,0.04281437125748503
icmp,len,153,presyn,908,0.1685022026431718
load,len,302,presyn,908,0.33259911894273125
fmul,len,151,presyn,908,0.16629955947136563
fadd,len,151,presyn,908,0.16629955947136563
add,len,151,presyn,908,0.16629955947136563
icmp,len_sq,130,presyn,770,0.16883116883116883
load,len_sq,256,presyn,770,0.33246753246753247
fmul,len_sq,128,presyn,770,0.16623376623376623
fadd,len_sq,128,presyn,770,0.16623376623376623
add,len_sq,128,presyn,770,0.16623376623376623
icmp,lerp,143,presyn,1272,0.11242138364779874
load,lerp,282,presyn,1272,0.22169811320754718
fmul,lerp,282,presyn,1272,0.22169811320754718
fsub,lerp,141,presyn,1272,0.11084905660377359
fadd,lerp,141,presyn,1272,0.11084905660377359
store,lerp,142,presyn,1272,0.11163522012578617
add,lerp,141,presyn,1272,0.11084905660377359
sub,lms,6,dspstone,1808,0.00331858407079646
icmp,lms,259,dspstone,1808,0.14325221238938052
load,lms,512,dspstone,1808,0.2831858407079646
store,lms,258,dspstone,1808,0.1426991150442478
fmul,lms,259,dspstone,1808,0.14325221238938052
fadd,lms,257,dspstone,1808,0.14214601769911506
fsub,lms,2,dspstone,1808,0.0011061946902654867
add,lms,255,dspstone,1808,0.14103982300884957
icmp,lmsfir,302,utdsp,2115,0.14278959810874706
load,lmsfir,602,utdsp,2115,0.28463356973995274
fmul,lmsfir,302,utdsp,2115,0.14278959810874706
fadd,lmsfir,300,utdsp,2115,0.14184397163120568
add,lmsfir,298,utdsp,2115,0.1408983451536643
store,lmsfir,153,utdsp,2115,0.07234042553191489
fsub,lmsfir,2,utdsp,2115,0.0009456264775413711
sub,lmsfir,156,utdsp,2115,0.07375886524822695
icmp,lpc,33304,utdsp,214021,0.15561089799599104
load,lpc,57447,utdsp,214021,0.26841758519023834
fmul,lpc,24783,utdsp,214021,0.11579704795323824
store,lpc,16395,utdsp,214021,0.07660463225571322
add,lpc,41055,utdsp,214021,0.19182697025058287
sub,lpc,16384,utdsp,214021,0.07655323543016807
fadd,lpc,8395,utdsp,214021,0.03922512276832647
fdiv,lpc,128,utdsp,214021,0.000598072151798188
fsub,lpc,16130,utdsp,214021,0.07536643600394353
icmp,kernel_lu,715825,polybench,11186733,0.06398874452442907
add,kernel_lu,3504154,polybench,11186733,0.3132419447214839
mul,kernel_lu,2788331,polybench,11186733,0.2492533789802617
load,kernel_lu,2089211,polybench,11186733,0.18675792119111093
fdiv,kernel_lu,8149,polybench,11186733,0.0007284521763413858
store,kernel_lu,699121,polybench,11186733,0.0624955471807542
fmul,kernel_lu,690971,polybench,11186733,0.061767005612809386
fsub,kernel_lu,690971,polybench,11186733,0.061767005612809386
store,kernel_ludcmp,677,polybench,81848,0.00827142996774509
icmp,kernel_ludcmp,7275,polybench,81848,0.08888427328706872
add,kernel_ludcmp,36173,polybench,81848,0.44195337699149645
mul,kernel_ludcmp,13000,polybench,81848,0.1588310038119441
load,kernel_ludcmp,12700,polybench,81848,0.15516567295474537
fdiv,kernel_ludcmp,325,polybench,81848,0.0039707750952986025
fmul,kernel_ludcmp,5849,polybench,81848,0.07146173394585084
fsub,kernel_ludcmp,5849,polybench,81848,0.07146173394585084
icmp,mat1x3,16642,dspstone,131587,0.12647145994665127
store,mat1x3,16513,dspstone,131587,0.12549111994345946
load,mat1x3,49152,dspstone,131587,0.37353233982080297
fmul,mat1x3,16384,dspstone,131587,0.12451077994026766
fadd,mat1x3,16384,dspstone,131587,0.12451077994026766
add,mat1x3,16512,dspstone,131587,0.12548352040855099
icmp,matadd,16936,presyn,166810,0.10152868533061567
mul,matadd,33272,presyn,166810,0.19946046400095918
add,matadd,66693,presyn,166810,0.3998141598225526
load,matadd,33272,presyn,166810,0.19946046400095918
store,matadd,16637,presyn,166810,0.09973622684491337
icmp,matinit,17056,presyn,84251,0.202442700976843
mul,matinit,16762,presyn,84251,0.19895312815278157
add,matinit,33670,presyn,84251,0.3996391734222739
store,matinit,16763,presyn,84251,0.1989649974481015
icmp,matmul,2130178,presyn,29458819,0.07231036654931754
mul,matmul,8404992,presyn,29458819,0.28531327070511553
add,matmul,10518656,presyn,29458819,0.35706305809475936
store,matmul,2113537,presyn,29458819,0.07174547628674456
load,matmul,6291456,presyn,29458819,0.21356782836406307
icmp,matmul_sca,16686,presyn,229829,0.07260180394989318
add,matmul_sca,65686,presyn,229829,0.28580379325498523
mul,matmul_sca,65536,presyn,229829,0.2851511341040513
load,matmul_sca,65536,presyn,229829,0.2851511341040513
store,matmul_sca,16385,presyn,229829,0.07129213458701905
icmp,matrix1,2130202,dspstone,16875943,0.12622713883307143
add,matrix1,2113676,dspstone,16875943,0.1252478750372646
mul,matrix1,16384,dspstone,16875943,0.0009708494511980753
store,matrix1,2113537,dspstone,16875943,0.12523963846049965
load,matrix1,6307840,dspstone,16875943,0.373777038711259
fmul,matrix1,2097152,dspstone,16875943,0.12426872975335364
fadd,matrix1,2097152,dspstone,16875943,0.12426872975335364
icmp,matrix2_main,2098526,dspstone,18835053,0.11141598592793979
mul,matrix2_main,16492,dspstone,18835053,0.0008756014649918957
load,matrix2_main,6278204,dspstone,18835053,0.3333255287362345
fmul,matrix2_main,2098232,dspstone,18835053,0.11140037673374213
store,matrix2_main,2098233,dspstone,18835053,0.1114004298262394
sub,matrix2_main,2081740,dspstone,18835053,0.11052477526875024
fadd,matrix2_main,2081740,dspstone,18835053,0.11052477526875024
add,matrix2_main,2081886,dspstone,18835053,0.11053252677335179
icmp,matscal,16702,presyn,115385,0.1447501841660528
mul,matscal,32848,presyn,115385,0.2846817177276076
add,matscal,32986,presyn,115385,0.2858777137409542
load,matscal,16424,presyn,115385,0.1423408588638038
store,matscal,16425,presyn,115385,0.14234952550158167
icmp,matsub,17267,presyn,170052,0.10153952908522099
mul,matsub,33918,presyn,170052,0.1994566367934514
add,matsub,51030,presyn,170052,0.30008467998024135
load,matsub,33918,presyn,170052,0.1994566367934514
sub,matsub,16959,presyn,170052,0.0997283183967257
store,matsub,16960,presyn,170052,0.09973419895090914
icmp,max,272,presyn,545,0.4990825688073395
load,max,138,presyn,545,0.25321100917431194
add,max,135,presyn,545,0.24770642201834864
icmp,max_elt,274,presyn,696,0.3936781609195402
load,max_elt,286,presyn,696,0.4109195402298851
add,max_elt,136,presyn,696,0.19540229885057472
icmp,mean,146,presyn,580,0.2517241379310345
load,mean,144,presyn,580,0.2482758620689655
fadd,mean,144,presyn,580,0.2482758620689655
add,mean,144,presyn,580,0.2482758620689655
fdiv,mean,2,presyn,580,0.0034482758620689655
icmp,mean_filter,1107966,image,5872441,0.18867213821305315
add,mean_filter,3073874,image,5872441,0.5234405931025957
mul,mean_filter,836800,image,5872441,0.14249611022060502
load,mean_filter,409900,image,5872441,0.06980061613220125
fadd,mean_filter,409900,image,5872441,0.06980061613220125
fdiv,mean_filter,17000,image,5872441,0.00289487795620254
store,mean_filter,17001,image,5872441,0.00289504824314114
icmp,mem_chr,401,presyn,667,0.6011994002998501
load,mem_chr,133,presyn,667,0.19940029985007496
add,mem_chr,133,presyn,667,0.19940029985007496
icmp,mem_cmp,300,presyn,454,0.6607929515418502
load,mem_cmp,4,presyn,454,0.00881057268722467
sub,mem_cmp,2,presyn,454,0.004405286343612335
add,mem_cmp,148,presyn,454,0.32599118942731276
icmp,mem_cpy,145,presyn,575,0.25217391304347825
load,mem_cpy,143,presyn,575,0.24869565217391304
store,mem_cpy,144,presyn,575,0.25043478260869567
add,mem_cpy,143,presyn,575,0.24869565217391304
icmp,mem_move,132,presyn,517,0.2553191489361702
load,mem_move,128,presyn,517,0.24758220502901354
store,mem_move,129,presyn,517,0.2495164410058027
add,mem_move,128,presyn,517,0.24758220502901354
icmp,mem_set,149,presyn,444,0.3355855855855856
store,mem_set,148,presyn,444,0.3333333333333333
add,mem_set,147,presyn,444,0.3310810810810811
icmp,member,304,presyn,606,0.5016501650165016
load,member,151,presyn,606,0.24917491749174916
add,member,151,presyn,606,0.24917491749174916
add,merge,546,presyn,2317,0.23564954682779457
icmp,merge,546,presyn,2317,0.23564954682779457
load,merge,1088,presyn,2317,0.4695727233491584
store,merge,137,presyn,2317,0.05912818299525248
icmp,min,258,presyn,518,0.4980694980694981
load,min,132,presyn,518,0.2548262548262548
add,min,128,presyn,518,0.2471042471042471
icmp,min_elt,320,presyn,805,0.39751552795031053
load,min_elt,326,presyn,805,0.4049689440993789
add,min_elt,159,presyn,805,0.19751552795031055
icmp,min_so_far_subtracted,661,presyn,2234,0.29588182632050136
load,min_so_far_subtracted,655,presyn,2234,0.29319606087735006
store,min_so_far_subtracted,394,presyn,2234,0.17636526410026857
add,min_so_far_subtracted,393,presyn,2234,0.17591763652641002
sub,min_so_far_subtracted,131,presyn,2234,0.05863921217547001
icmp,mirror_image,302,presyn,1352,0.22337278106508876
load,mirror_image,600,presyn,1352,0.4437869822485207
sub,mirror_image,300,presyn,1352,0.22189349112426035
add,mirror_image,150,presyn,1352,0.11094674556213018
icmp,muleq,142,presyn,843,0.16844602609727166
load,muleq,280,presyn,843,0.33214709371293
mul,muleq,140,presyn,843,0.166073546856465
store,muleq,141,presyn,843,0.16725978647686832
add,muleq,140,presyn,843,0.166073546856465
icmp,muleq_sca,145,presyn,718,0.201949860724234
load,muleq_sca,143,presyn,718,0.1991643454038997
mul,muleq_sca,143,presyn,718,0.1991643454038997
store,muleq_sca,144,presyn,718,0.20055710306406685
add,muleq_sca,143,presyn,718,0.1991643454038997
icmp,mult_big,2130386,utdsp,21071888,0.10110086006531546
mul,mult_big,4211013,utdsp,21071888,0.1998403275491973
add,mult_big,6324859,utdsp,21071888,0.3001562555761496
load,mult_big,4194616,utdsp,21071888,0.19906218180354793
fmul,mult_big,2097308,utdsp,21071888,0.09953109090177396
fadd,mult_big,2097308,utdsp,21071888,0.09953109090177396
store,mult_big,16398,utdsp,21071888,0.0007781932022417735
icmp,mult,2130226,utdsp,21070283,0.1011009676519295
add,mult,6324376,utdsp,21070283,0.30015619628839346
mul,mult,4210688,utdsp,21070283,0.1998401255455373
load,mult,4194304,utdsp,21070283,0.19906253750839512
fmul,mult,2097152,utdsp,21070283,0.09953126875419756
fadd,mult,2097152,utdsp,21070283,0.09953126875419756
store,mult,16385,utdsp,21070283,0.0007776354973495135
icmp,multiply_evens,282,presyn,1821,0.15485996705107083
load,multiply_evens,932,presyn,1821,0.5118066996155958
sub,multiply_evens,140,presyn,1821,0.07688083470620538
srem,multiply_evens,140,presyn,1821,0.07688083470620538
mul,multiply_evens,93,presyn,1821,0.051070840197693576
store,multiply_evens,94,presyn,1821,0.05161998901702362
add,multiply_evens,140,presyn,1821,0.07688083470620538
icmp,multiply_min_diff,475,presyn,1732,0.27424942263279445
load,multiply_min_diff,471,presyn,1732,0.2719399538106236
sub,multiply_min_diff,314,presyn,1732,0.1812933025404157
add,multiply_min_diff,314,presyn,1732,0.1812933025404157
store,multiply_min_diff,158,presyn,1732,0.09122401847575058
icmp,kernel_mvt,34164,polybench,336573,0.10150546835307644
load,kernel_mvt,100704,polybench,336573,0.2992040359743651
mul,kernel_mvt,33568,polybench,336573,0.09973467865812172
add,kernel_mvt,67432,polybench,336573,0.2003488099164223
fmul,kernel_mvt,33568,polybench,336573,0.09973467865812172
fadd,kernel_mvt,33568,polybench,336573,0.09973467865812172
store,kernel_mvt,33569,polybench,336573,0.09973764978177097
icmp,n_complex_updates,159,dspstone,4085,0.03892288861689106
load,n_complex_updates,1884,dspstone,4085,0.46119951040391677
fmul,n_complex_updates,628,dspstone,4085,0.1537331701346389
fadd,n_complex_updates,471,dspstone,4085,0.11529987760097919
store,n_complex_updates,629,dspstone,4085,0.1539779681762546
fsub,n_complex_updates,157,dspstone,4085,0.03843329253365973
add,n_complex_updates,157,dspstone,4085,0.03843329253365973
icmp,n_m_prod,2,presyn,2,1.0
icmp,n_m_sum,15,presyn,41,0.36585365853658536
add,n_m_sum,26,presyn,41,0.6341463414634146
icmp,n_real_updates,148,dspstone,1171,0.1263877028181042
load,n_real_updates,438,dspstone,1171,0.3740392826643894
fmul,n_real_updates,146,dspstone,1171,0.1246797608881298
fadd,n_real_updates,146,dspstone,1171,0.1246797608881298
store,n_real_updates,147,dspstone,1171,0.125533731853117
add,n_real_updates,146,dspstone,1171,0.1246797608881298
icmp,negate,130,presyn,643,0.20217729393468117
load,negate,128,presyn,643,0.19906687402799378
sub,negate,128,presyn,643,0.19906687402799378
store,negate,129,presyn,643,0.2006220839813375
add,negate,128,presyn,643,0.19906687402799378
icmp,norm,320,presyn,1427,0.22424667133847231
load,norm,316,presyn,1427,0.2214435879467414
fadd,norm,158,presyn,1427,0.1107217939733707
add,norm,316,presyn,1427,0.2214435879467414
fdiv,norm,158,presyn,1427,0.1107217939733707
store,norm,159,presyn,1427,0.11142256482130343
icmp,noteq,258,presyn,642,0.40186915887850466
load,noteq,256,presyn,642,0.3987538940809969
add,noteq,128,presyn,642,0.19937694704049844
icmp,pluseq,154,presyn,915,0.16830601092896175
load,pluseq,304,presyn,915,0.33224043715846996
add,pluseq,304,presyn,915,0.33224043715846996
store,pluseq,153,presyn,915,0.16721311475409836
icmp,prod_elts,146,presyn,722,0.20221606648199447
load,prod_elts,288,presyn,722,0.3988919667590028
mul,prod_elts,144,presyn,722,0.1994459833795014
add,prod_elts,144,presyn,722,0.1994459833795014
icmp,prod_n_squared,141,presyn,558,0.25268817204301075
mul,prod_n_squared,278,presyn,558,0.4982078853046595
add,prod_n_squared,139,presyn,558,0.24910394265232974
icmp,prod_sq_elts,145,presyn,1146,0.12652705061082026
load,prod_sq_elts,572,presyn,1146,0.49912739965095987
mul,prod_sq_elts,286,presyn,1146,0.24956369982547993
add,prod_sq_elts,143,presyn,1146,0.12478184991273997
store,real_update,9,dspstone,19,0.47368421052631576
load,real_update,6,dspstone,19,0.3157894736842105
fmul,real_update,2,dspstone,19,0.10526315789473684
fadd,real_update,2,dspstone,19,0.10526315789473684
icmp,kernel_reg_detect,322335,polybench,4051150,0.07956629599002753
sub,kernel_reg_detect,348491,polybench,4051150,0.08602273428532639
mul,kernel_reg_detect,1373432,polybench,4051150,0.3390227466275008
add,kernel_reg_detect,1330186,polybench,4051150,0.3283477531071424
load,kernel_reg_detect,338353,polybench,4051150,0.08352023499500141
store,kernel_reg_detect,314373,polybench,4051150,0.07760092813151821
fadd,kernel_reg_detect,23980,polybench,4051150,0.005919306863483209
icmp,replace_first,284,presyn,1264,0.22468354430379747
load,replace_first,560,presyn,1264,0.4430379746835443
add,replace_first,280,presyn,1264,0.22151898734177214
store,replace_first,140,presyn,1264,0.11075949367088607
icmp,replace_last,274,presyn,815,0.3361963190184049
load,replace_last,135,presyn,815,0.1656441717791411
add,replace_last,270,presyn,815,0.3312883435582822
store,replace_last,136,presyn,815,0.1668711656441718
sdiv,reverse,79,presyn,1468,0.05381471389645776
icmp,reverse,79,presyn,1468,0.05381471389645776
load,reverse,616,presyn,1468,0.4196185286103542
sub,reverse,462,presyn,1468,0.31471389645776565
store,reverse,155,presyn,1468,0.1055858310626703
add,reverse,77,presyn,1468,0.052452316076294275
icmp,reverse_int,5,presyn,17,0.29411764705882354
mul,reverse_int,3,presyn,17,0.17647058823529413
srem,reverse_int,3,presyn,17,0.17647058823529413
add,reverse_int,3,presyn,17,0.17647058823529413
sdiv,reverse_int,3,presyn,17,0.17647058823529413
icmp,search,443,presyn,881,0.5028376844494892
load,search,290,presyn,881,0.32917139614074914
add,search,148,presyn,881,0.16799091940976163
sub,kernel_seidel_2d,14258621,polybench,109825393,0.1298299110115636
icmp,kernel_seidel_2d,2064839,polybench,109825393,0.01880110731768563
mul,kernel_seidel_2d,20322970,polybench,109825393,0.18504800615646327
add,kernel_seidel_2d,34565319,polybench,109825393,0.3147297547116449
load,kernel_seidel_2d,18290673,polybench,109825393,0.16654320554081695
fadd,kernel_seidel_2d,16258376,polybench,109825393,0.14803840492517062
fdiv,kernel_seidel_2d,2032297,polybench,109825393,0.018504800615646327
store,kernel_seidel_2d,2032298,polybench,109825393,0.01850480972100869
sub,sharpen,111426,image,873915,0.12750210260723296
icmp,sharpen,16170,image,873915,0.018502943650126155
add,sharpen,317666,image,873915,0.3634975941596151
mul,sharpen,158760,image,873915,0.18166526492851134
load,sharpen,142884,image,873915,0.1634987384356602
fmul,sharpen,15876,image,873915,0.018166526492851134
fsub,sharpen,15876,image,873915,0.018166526492851134
fadd,sharpen,63504,image,873915,0.07266610597140453
fdiv,sharpen,15876,image,873915,0.018166526492851134
store,sharpen,15877,image,873915,0.018167670768896287
mul,slice,16686,image,121150,0.13773008666941808
icmp,slice,50054,image,121150,0.4131572430870821
load,slice,33368,image,121150,0.2754271564176641
store,slice,4358,image,121150,0.035971935617003716
add,slice,16684,image,121150,0.13771357820883204
icmp,sort,7361,presyn,73848,0.09967771639042357
sub,sort,13957,presyn,73848,0.1889963167587477
load,sort,42020,presyn,73848,0.5690066081681291
store,sort,6905,presyn,73848,0.0935028707615643
add,sort,3605,presyn,73848,0.048816487921135306
icmp,square_root,147,presyn,583,0.2521440823327616
load,square_root,145,presyn,583,0.24871355060034306
store,square_root,146,presyn,583,0.2504288164665523
add,square_root,145,presyn,583,0.24871355060034306
mul,squash,33486,image,284629,0.11764788549304533
icmp,squash,66968,image,284629,0.23528171760432
load,squash,50246,image,284629,0.17653155511209329
add,squash,33482,image,284629,0.11763383211127468
sub,squash,33482,image,284629,0.11763383211127468
fdiv,squash,16741,image,284629,0.05881691605563734
fmul,squash,16741,image,284629,0.05881691605563734
fadd,squash,16741,image,284629,0.05881691605563734
store,squash,16742,image,284629,0.05882042940108
load,str_cat,1108,presyn,2217,0.4997744700045106
icmp,str_cat,751,presyn,2217,0.33874605322507895
store,str_cat,358,presyn,2217,0.16147947677041047
load,str_chr,224,presyn,448,0.5
icmp,str_chr,224,presyn,448,0.5
load,str_cmp,74,presyn,183,0.40437158469945356
icmp,str_cmp,107,presyn,183,0.5846994535519126
sub,str_cmp,2,presyn,183,0.01092896174863388
load,str_cpy,374,presyn,749,0.4993324432576769
icmp,str_cpy,188,presyn,749,0.25100133511348466
store,str_cpy,187,presyn,749,0.24966622162883845
load,str_cspn,1065,presyn,1779,0.5986509274873525
icmp,str_cspn,712,presyn,1779,0.40022484541877457
add,str_cspn,2,presyn,1779,0.0011242270938729624
load,str_len,302,presyn,904,0.334070796460177
icmp,str_len,302,presyn,904,0.334070796460177
add,str_len,300,presyn,904,0.33185840707964603
load,str_ncat,379,presyn,1069,0.3545369504209542
icmp,str_ncat,379,presyn,1069,0.3545369504209542
store,str_ncat,156,presyn,1069,0.14593077642656688
add,str_ncat,155,presyn,1069,0.1449953227315248
load,str_ncmp,48,presyn,160,0.3
icmp,str_ncmp,89,presyn,160,0.55625
add,str_ncmp,21,presyn,160,0.13125
sub,str_ncmp,2,presyn,160,0.0125
load,str_ncpy,274,presyn,825,0.3321212121212121
icmp,str_ncpy,276,presyn,825,0.33454545454545453
add,str_ncpy,138,presyn,825,0.16727272727272727
store,str_ncpy,137,presyn,825,0.16606060606060605
load,str_rchr,416,presyn,832,0.5
icmp,str_rchr,416,presyn,832,0.5
load,str_spn,708,presyn,1183,0.5984784446322908
icmp,str_spn,474,presyn,1183,0.400676246830093
add,str_spn,1,presyn,1183,0.0008453085376162299
icmp,subeq,139,presyn,825,0.1684848484848485
load,subeq,274,presyn,825,0.3321212121212121
sub,subeq,137,presyn,825,0.16606060606060605
store,subeq,138,presyn,825,0.16727272727272727
add,subeq,137,presyn,825,0.16606060606060605
icmp,subeq_sca,130,presyn,643,0.20217729393468117
load,subeq_sca,128,presyn,643,0.19906687402799378
sub,subeq_sca,128,presyn,643,0.19906687402799378
store,subeq_sca,129,presyn,643,0.2006220839813375
add,subeq_sca,128,presyn,643,0.19906687402799378
icmp,subtract_of_min_reverse,296,presyn,1473,0.20095044127630685
load,subtract_of_min_reverse,441,presyn,1473,0.29938900203665986
sub,subtract_of_min_reverse,441,presyn,1473,0.29938900203665986
store,subtract_of_min_reverse,148,presyn,1473,0.10047522063815342
add,subtract_of_min_reverse,147,presyn,1473,0.09979633401221996
icmp,sum_abs,288,presyn,1228,0.23452768729641693
load,sum_abs,572,presyn,1228,0.46579804560260585
sub,sum_abs,82,presyn,1228,0.06677524429967427
add,sum_abs,286,presyn,1228,0.23289902280130292
icmp,sum_elts,140,presyn,692,0.2023121387283237
load,sum_elts,276,presyn,692,0.3988439306358382
add,sum_elts,276,presyn,692,0.3988439306358382
icmp,sum_n,160,presyn,476,0.33613445378151263
add,sum_n,316,presyn,476,0.6638655462184874
icmp,sum_n_squared,161,presyn,638,0.25235109717868337
mul,sum_n_squared,159,presyn,638,0.24921630094043887
add,sum_n_squared,318,presyn,638,0.49843260188087773
icmp,sum_of_lists_multiplied_after_dividing_by_three,393,presyn,1942,0.2023686920700309
load,sum_of_lists_multiplied_after_dividing_by_three,516,presyn,1942,0.26570545829042225
sdiv,sum_of_lists_multiplied_after_dividing_by_three,129,presyn,1942,0.06642636457260556
store,sum_of_lists_multiplied_after_dividing_by_three,259,presyn,1942,0.1333676622039135
add,sum_of_lists_multiplied_after_dividing_by_three,516,presyn,1942,0.26570545829042225
mul,sum_of_lists_multiplied_after_dividing_by_three,129,presyn,1942,0.06642636457260556
icmp,sum_of_positives,348,presyn,1091,0.31897341888175984
load,sum_of_positives,404,presyn,1091,0.3703024747937672
add,sum_of_positives,272,presyn,1091,0.24931255728689275
store,sum_of_positives,67,presyn,1091,0.0614115490375802
icmp,sum_of_squares,147,presyn,1162,0.12650602409638553
load,sum_of_squares,580,presyn,1162,0.4991394148020654
mul,sum_of_squares,145,presyn,1162,0.12478485370051635
add,sum_of_squares,290,presyn,1162,0.2495697074010327
icmp,swap,149,presyn,885,0.16836158192090395
load,swap,294,presyn,885,0.33220338983050846
store,swap,295,presyn,885,0.3333333333333333
add,swap,147,presyn,885,0.16610169491525423
icmp,kernel_symm,1059368,polybench,24985213,0.042399798632895384
sub,kernel_symm,1042420,polybench,24985213,0.04172147741946407
mul,kernel_symm,5195446,polybench,24985213,0.20794083284381046
add,kernel_symm,6238012,polybench,24985213,0.24966815371956205
load,kernel_symm,5178792,polybench,24985213,0.2072742785903006
fmul,kernel_symm,3143914,polybench,24985213,0.12583098651190205
fadd,kernel_symm,2084840,polybench,24985213,0.08344295483892814
store,kernel_symm,1042421,polybench,24985213,0.04172151744313727
icmp,kernel_syr2k,2153684,polybench,59024281,0.03648810224388841
mul,kernel_syr2k,12628364,polybench,59024281,0.21395201747565548
add,kernel_syr2k,14764676,polybench,59024281,0.25014580016654503
load,kernel_syr2k,12628364,polybench,59024281,0.21395201747565548
fmul,kernel_syr2k,8424596,polybench,59024281,0.14273102284803774
store,kernel_syr2k,4220829,polybench,59024281,0.07151004516260012
fadd,kernel_syr2k,4203768,polybench,59024281,0.07122099462761775
icmp,kernel_syrk,2146900,polybench,31622317,0.06789192581935094
mul,kernel_syrk,6307904,polybench,31622317,0.19947633818230334
add,kernel_syrk,8438136,polybench,31622317,0.2668411679005052
load,kernel_syrk,6307904,polybench,31622317,0.19947633818230334
fmul,kernel_syrk,4210736,polybench,31622317,0.13315709914615048
store,kernel_syrk,2113569,polybench,31622317,0.06683789173323385
fadd,kernel_syrk,2097168,polybench,31622317,0.06631923903615286
icmp,triangle_prod,8257,presyn,24386,0.33859591568932995
add,triangle_prod,8128,presyn,24386,0.33330599524317234
mul,triangle_prod,8001,presyn,24386,0.32809808906749777
icmp,triangle_sum,8271,presyn,24416,0.3387532765399738
add,triangle_sum,16145,presyn,24416,0.6612467234600262
icmp,kernel_trisolv,8395,polybench,91016,0.09223652984090709
load,kernel_trisolv,24786,polybench,91016,0.27232574492396944
store,kernel_trisolv,8394,polybench,91016,0.09222554276171223
sub,kernel_trisolv,8262,polybench,91016,0.0907752483079898
mul,kernel_trisolv,8262,polybench,91016,0.0907752483079898
add,kernel_trisolv,16524,polybench,91016,0.1815504966159796
fdiv,kernel_trisolv,131,polybench,91016,0.0014393073745275556
fmul,kernel_trisolv,8131,polybench,91016,0.08933594093346225
fsub,kernel_trisolv,8131,polybench,91016,0.08933594093346225
icmp,kernel_trmm,1074230,polybench,15667221,0.06856544629069827
mul,kernel_trmm,3123528,polybench,15667221,0.19936707345865615
add,kernel_trmm,4181230,polybench,15667221,0.26687757835291914
load,kernel_trmm,3123528,polybench,15667221,0.19936707345865615
fmul,kernel_trmm,2082352,polybench,15667221,0.13291138230577076
fadd,kernel_trmm,1041176,polybench,15667221,0.06645569115288538
store,kernel_trmm,1041177,polybench,15667221,0.0664557549804142
icmp,vabs,284,presyn,978,0.2903885480572597
load,vabs,282,presyn,978,0.2883435582822086
sub,vabs,129,presyn,978,0.13190184049079753
store,vabs,142,presyn,978,0.14519427402862986
add,vabs,141,presyn,978,0.1441717791411043
icmp,vadd,153,presyn,909,0.16831683168316833
load,vadd,302,presyn,909,0.33223322332233224
add,vadd,302,presyn,909,0.33223322332233224
store,vadd,152,presyn,909,0.16721672167216722
icmp,vcopy,133,presyn,920,0.14456521739130435
load,vcopy,524,presyn,920,0.5695652173913044
store,vcopy,132,presyn,920,0.14347826086956522
add,vcopy,131,presyn,920,0.1423913043478261
icmp,vfill,149,presyn,444,0.3355855855855856
store,vfill,148,presyn,444,0.3333333333333333
add,vfill,147,presyn,444,0.3310810810810811
icmp,vmul,140,presyn,831,0.1684717208182912
load,vmul,276,presyn,831,0.33212996389891697
mul,vmul,138,presyn,831,0.16606498194945848
store,vmul,139,presyn,831,0.16726835138387486
add,vmul,138,presyn,831,0.16606498194945848
icmp,vneg,140,presyn,693,0.20202020202020202
load,vneg,138,presyn,693,0.19913419913419914
sub,vneg,138,presyn,693,0.19913419913419914
store,vneg,139,presyn,693,0.20057720057720058
add,vneg,138,presyn,693,0.19913419913419914
icmp,voffset,143,presyn,708,0.2019774011299435
load,voffset,141,presyn,708,0.19915254237288135
add,voffset,282,presyn,708,0.3983050847457627
store,voffset,142,presyn,708,0.20056497175141244
icmp,vrecip,137,presyn,678,0.20206489675516223
load,vrecip,135,presyn,678,0.19911504424778761
fdiv,vrecip,135,presyn,678,0.19911504424778761
store,vrecip,136,presyn,678,0.20058997050147492
add,vrecip,135,presyn,678,0.19911504424778761
icmp,vscal,138,presyn,683,0.2020497803806735
load,vscal,136,presyn,683,0.19912152269399708
mul,vscal,136,presyn,683,0.19912152269399708
store,vscal,137,presyn,683,0.2005856515373353
add,vscal,136,presyn,683,0.19912152269399708
icmp,vsub,139,presyn,825,0.1684848484848485
load,vsub,274,presyn,825,0.3321212121212121
sub,vsub,137,presyn,825,0.16606060606060605
store,vsub,138,presyn,825,0.16727272727272727
add,vsub,137,presyn,825,0.16606060606060605
icmp,w_vec,130,presyn,899,0.1446051167964405
load,w_vec,256,presyn,899,0.28476084538375973
fmul,w_vec,128,presyn,899,0.14238042269187987
fadd,w_vec,128,presyn,899,0.14238042269187987
store,w_vec,129,presyn,899,0.14349276974416017
add,w_vec,128,presyn,899,0.14238042269187987
icmp,yi_ai_bi_ci,143,tensor,1131,0.12643678160919541
load,yi_ai_bi_ci,423,tensor,1131,0.3740053050397878
fmul,yi_ai_bi_ci,282,tensor,1131,0.2493368700265252
store,yi_ai_bi_ci,142,tensor,1131,0.125552608311229
add,yi_ai_bi_ci,141,tensor,1131,0.1246684350132626
icmp,yi_aij_xj,17355,tensor,136919,0.1267537741292297
mul,yi_aij_xj,17035,tensor,136919,0.12441662588829892
add,yi_aij_xj,34229,tensor,136919,0.2499945223088103
load,yi_aij_xj,34070,tensor,136919,0.24883325177659785
fmul,yi_aij_xj,17035,tensor,136919,0.12441662588829892
fadd,yi_aij_xj,17035,tensor,136919,0.12441662588829892
store,yi_aij_xj,160,tensor,136919,0.0011685741204653845
icmp,yi_aijk_bkl,85651486,tensor,677820383,0.12636310171274387
mul,yi_aijk_bkl,84979473,tensor,677820383,0.12537166944417485
add,yi_aijk_bkl,169959007,tensor,677820383,0.25074342888269263
load,yi_aijk_bkl,168615176,tensor,677820383,0.24876085203238865
fmul,yi_aijk_bkl,84307588,tensor,677820383,0.12438042601619433
fadd,yi_aijk_bkl,84307588,tensor,677820383,0.12438042601619433
store,yi_aijk_bkl,65,tensor,677820383,9.589561133041348e-08
mul,yijk_ai_fuse,1637506,tensor,8392213,0.19512207328388828
add,yijk_ai_fuse,2046880,tensor,8392213,0.2439022937096568
sdiv,yijk_ai_fuse,1023441,tensor,8392213,0.12195126601290983
icmp,yijk_ai_fuse,2046881,tensor,8392213,0.24390241286773823
srem,yijk_ai_fuse,818752,tensor,8392213,0.09756091748386272
load,yijk_ai_fuse,409376,tensor,8392213,0.04878045874193136
store,yijk_ai_fuse,409377,tensor,8392213,0.048780577900012785
add,yijk_aij_xj_fuse,4470886,tensor,19712731,0.22680195859214028
sdiv,yijk_aij_xj_fuse,8250,tensor,19712731,0.00041851126563843436
mul,yijk_aij_xj_fuse,2102128,tensor,19712731,0.10663809088654433
icmp,yijk_aij_xj_fuse,4731332,tensor,19712731,0.24001402951219697
srem,yijk_aij_xj_fuse,2062,tensor,19712731,0.00010460245209047898
load,yijk_aij_xj_fuse,4199036,tensor,19712731,0.21301137828137562
fmul,yijk_aij_xj_fuse,2099518,tensor,19712731,0.10650568914068781
store,yijk_aij_xj_fuse,2099519,tensor,19712731,0.10650573986932607

